company,region,title,location,job_url
Booking.com,Netherlands,Software Engineer I - Backend,Netherlands,https://jobs.booking.com/booking/jobs?keywords=Software%20Engineer&locations=Amsterdam%2C%20North%20Holland%2C%20Netherlands&id=16042
Booking.com,Netherlands,Principal Software Engineer I - Marketplace Data & AI,Netherlands,https://jobs.booking.com/booking/jobs?keywords=Software%20Engineer&locations=Amsterdam%2C%20North%20Holland%2C%20Netherlands&id=28762
Booking.com,Netherlands,AI Backend Software Engineer II - AI Application Platform,Netherlands,https://jobs.booking.com/booking/jobs?keywords=Software%20Engineer&locations=Amsterdam%2C%20North%20Holland%2C%20Netherlands&id=26708
Booking.com,Netherlands,Software Engineer I - Backend,Netherlands,https://jobs.booking.com/booking/jobs/16042
Booking.com,Netherlands,Principal Software Engineer I - Marketplace Data & AI,Netherlands,https://jobs.booking.com/booking/jobs/28762
Booking.com,Netherlands,AI Backend Software Engineer II - AI Application Platform,Netherlands,https://jobs.booking.com/booking/jobs/26708
Booking.com,Netherlands,Software Engineer I - Backend,Netherlands,https://jobs.booking.com/booking/jobs/job/16042
Booking.com,Netherlands,Principal Software Engineer I - Marketplace Data & AI,Netherlands,https://jobs.booking.com/booking/jobs/job/28762
Booking.com,Netherlands,AI Backend Software Engineer II - AI Application Platform,Netherlands,https://jobs.booking.com/booking/jobs/job/26708
Booking.com,Netherlands,Software Engineer I - Backend,Netherlands,https://jobs.booking.com/booking/jobs?keywords=Software%20Engineer&location=Amsterdam%2C%20North%20Holland%2C%20Netherlands&req_id=16042
Booking.com,Netherlands,Principal Software Engineer I - Marketplace Data & AI,Netherlands,https://jobs.booking.com/booking/jobs?keywords=Software%20Engineer&location=Amsterdam%2C%20North%20Holland%2C%20Netherlands&req_id=28762
Booking.com,Netherlands,AI Backend Software Engineer II - AI Application Platform,Netherlands,https://jobs.booking.com/booking/jobs?keywords=Software%20Engineer&location=Amsterdam%2C%20North%20Holland%2C%20Netherlands&req_id=26708
Booking.com,Netherlands,Software Engineer I - Backend,Netherlands,"https://jobs.booking.com/booking/jobs?keywords=Software%20Engineer&sortBy=relevance&page=1&locations=Amsterdam,North%20Holland,Netherlands#link-job-0"
Booking.com,Netherlands,Principal Software Engineer I - Marketplace Data & AI,Netherlands,"https://jobs.booking.com/booking/jobs?keywords=Software%20Engineer&sortBy=relevance&page=1&locations=Amsterdam,North%20Holland,Netherlands#link-job-1"
Booking.com,Netherlands,AI Backend Software Engineer II - AI Application Platform,Netherlands,"https://jobs.booking.com/booking/jobs?keywords=Software%20Engineer&sortBy=relevance&page=1&locations=Amsterdam,North%20Holland,Netherlands#link-job-2"
Booking.com,Netherlands,Principal Software Engineer I - Marketplace Data & AI,Netherlands,https://jobs.booking.com/booking/jobs?keywords=Software%20Engineer&location=Amsterdam%2C%20North%20Holland%20Netherlands#link-job-1
Booking.com,Netherlands,AI Backend Software Engineer II - AI Application Platform,Netherlands,https://jobs.booking.com/booking/jobs?keywords=Software%20Engineer&location=Amsterdam%2C%20North%20Holland%20Netherlands#link-job-2
Grab,Singapore,"Senior Software Engineer, Fullstack",Singapore,https://www.grab.careers/en/jobs/senior-software-engineer-fullstack/
Grab,Singapore,"Senior Software Engineer, Fullstack",Singapore,https://www.grab.careers/en/jobs/senior-software-engineer-fullstack-singapore-singapore/
Grab,Singapore,"Lead Software Engineer, Backend",Singapore,https://www.grab.careers/en/jobs/lead-software-engineer-backend-singapore-singapore/
Grab,Singapore,"Senior Software Engineer, Fullstack",Singapore,https://www.grab.careers/en/jobs/[3111]
Grab,Singapore,"Senior Software Engineer, Fullstack",Singapore,https://www.grab.careers/en/jobs/senior-software-engineer-fullstack-4d9c66d
Grab,Singapore,"Lead Software Engineer, Mobile (iOS|Flutter)",Singapore,https://www.grab.careers/en/jobs/lead-software-engineer-mobile-ios-flutter/
Grab,Singapore,"Principal Software Engineer, Backend",Singapore,https://www.grab.careers/en/jobs/principal-software-engineer-backend/
Grab,Singapore,"Senior Software Engineer, Backend - Business Platform",Singapore,https://www.grab.careers/en/jobs/senior-software-engineer-backend-business-platform-singapore/
Grab,Singapore,"Software Engineer, Backend - Business Platform",Singapore,https://www.grab.careers/en/jobs/software-engineer-backend-business-platform-singapore/
Sea Ltd / Shopee,Singapore,Software Engineer,Singapore,https://career.sea.com/jobs/software-engineer-singapore
Sea Ltd / Shopee,Singapore,Senior Software Engineer,Singapore,https://career.sea.com/jobs/senior-software-engineer-singapore
Sea Ltd / Shopee,Singapore,Staff Software Engineer,Singapore,https://career.sea.com/jobs/staff-software-engineer-singapore
GIC,Singapore,"AVP/VP, Software Engineer (Python), Technology Group",Singapore,https://careers.gic.com.sg/job/AVP-VP-Software-Engineer-Python-Technology-Group/
GIC,Singapore,"AVP/VP, Software Engineer (Java), Technology Group",Singapore,https://careers.gic.com.sg/job/AVP-VP-Software-Engineer-Java-Technology-Group
GIC,Singapore,"AVP/VP, Software Engineer (C#), Technology Group",Singapore,https://careers.gic.com.sg/job/avp-vp-software-engineer-c-technology-group
GIC,Singapore,"AVP/VP, Software Engineer (C#), Technology Group",Singapore,https://careers.gic.com.sg/job/AVP-VP-Software-Engineer-C-Technology-Group
GIC,Singapore,"AVP/VP, Software Engineer (C#), Technology Group",Singapore,https://careers.gic.com.sg/job/AVP-VP-Software-Engineer-C--Technology-Group/12364
GIC,Singapore,"AVP/VP, Software Engineer (C#), Technology Group",Singapore,https://careers.gic.com.sg/job/AVP-VP-Software-Engineer-C-Technology-Group/12364
GIC,Singapore,"AVP/VP, Software Engineer (Typescript), Technology Group",Singapore,https://careers.gic.com.sg/job/avpvp-software-engineer-typescript-technology-group
GIC,Singapore,"AVP/VP, Software Engineer (Typescript), Technology Group",Singapore,https://careers.gic.com.sg/job/AVP-VP-Software-Engineer-Typecript-Technology-Group/12360
Mastercard,Singapore,Principal Software Engineer (Real-Time Payments),Singapore,https://careers.mastercard.com/us/en/job/R-277728
Mastercard,Singapore,Principal Software Engineer (Real-Time Payments),Singapore,https://careers.mastercard.com/us/en/job/R-277728/principal-software-engineer-real-time-payments
Mastercard,Singapore,Principal Software Engineer (Real-Time Payments),Singapore,https://careers.mastercard.com/us/en/search-results?jobId=R-277728
